Media_Bulletin_28.02.2021_14_Pages_English_444_KB,https://stopcorona.tn.gov.in/wp-content/uploads/2020/03/Media-Bulletin-28.02.2021-14-Pages-English-444-KB.pdf
Media_Bulletin_27.02.2021_14_Pages_English_434_KB,https://stopcorona.tn.gov.in/wp-content/uploads/2020/03/Media-Bulletin-27-02-21-COVID-19-6-PM.pdf
Media_Bulletin_26.02.2021_14_Pages_English_444_KB,https://stopcorona.tn.gov.in/wp-content/uploads/2020/03/Media-Bulletin-26-02-21-COVID-19-6-PM.pdf
Media_Bulletin_25.02.2021_14_Pages_English_444_KB,https://stopcorona.tn.gov.in/wp-content/uploads/2020/03/Media-Bulletin-25-02-21-COVID-19-6-PM.pdf
Media_Bulletin_24.02.2021_14_Pages_English_464_KB,https://stopcorona.tn.gov.in/wp-content/uploads/2020/03/Media-Bulletin-24-02-21-COVID-19-6-PM.pdf
Media_Bulletin_23.02.2021_14_Pages_English_460_KB,https://stopcorona.tn.gov.in/wp-content/uploads/2020/03/Media-Bulletin-23-02-21-COVID-19-6-PM.pdf
Media_Bulletin_22.02.2021_14_Pages_English_460_KB,https://stopcorona.tn.gov.in/wp-content/uploads/2020/03/Media-Bulletin-22-02-21-COVID-19-6-PM.pdf
Media_Bulletin_21.02.2021_16_Pages_English_466_KB,https://stopcorona.tn.gov.in/wp-content/uploads/2020/03/Media-Bulletin-21-02-21-COVID-19-6-PM.pdf
Media_Bulletin_20.02.2021_14_Pages_English_462_KB,https://stopcorona.tn.gov.in/wp-content/uploads/2020/03/Media-Bulletin-20.02.2021-14-Pages-English-462-KB.pdf
Media_Bulletin_19.02.2021_14_Pages_English_459_KB,https://stopcorona.tn.gov.in/wp-content/uploads/2020/03/Media-Bulletin-19-02-21-COVID-19-6-PM.pdf
Media_Bulletin_18.02.2021_14_Pages_English_808_KB,https://stopcorona.tn.gov.in/wp-content/uploads/2020/03/Media-Bulletin-18-02-21-COVID-19-6-PM.pdf
Media_Bulletin_17.02.202114_Pages_English_455_KB,https://stopcorona.tn.gov.in/wp-content/uploads/2020/03/Media-Bulletin17.02.2021-14-Pages-English-455-KB.pdf
Media_Bulletin_16.02.202114_Pages_English_459_KB,https://stopcorona.tn.gov.in/wp-content/uploads/2020/03/Media-Bulletin-16-02-21-COVID-19-6-PM.pdf
Media_Bulletin_15.02.2021_15_Pages_English_466_KB,https://stopcorona.tn.gov.in/wp-content/uploads/2020/03/Media-Bulletin-15-02-21-COVID-19-6-PM.pdf
Media_Bulletin_14.02.202115_Pages_English_456_KB,https://stopcorona.tn.gov.in/wp-content/uploads/2020/03/Media-Bulletin-14-02-21-COVID-19-6-PM.pdf
Media_Bulletin_13.02.2021_14_Pages_English_796_KB,https://stopcorona.tn.gov.in/wp-content/uploads/2020/03/Media-Bulletin-13-02-21-COVID-19-6-PM.pdf
Media_Bulletin_12.02.202114_Pages_English_441_KB,https://stopcorona.tn.gov.in/wp-content/uploads/2020/03/Media-Bulletin-12-02-21-COVID-19-6-PM.pdf
Media_Bulletin_11.02.2021_15_Pages_English_452_KB,https://stopcorona.tn.gov.in/wp-content/uploads/2020/03/Media-Bulletin-11-02-21-COVID-19-6-PM.pdf
Media_Bulletin_10.02.202114_Pages_English_444_KB,https://stopcorona.tn.gov.in/wp-content/uploads/2020/03/Media-Bulletin-10-02-21-COVID-19-6-PM.pdf
Media_Bulletin_09.02.2021_14_Pages_English_441_KB,https://stopcorona.tn.gov.in/wp-content/uploads/2020/03/Media-Bulletin-09-02-21-COVID-19-6-PM.pdf
Media_Bulletin_08.02.2021_15_Pages_English_444_KB,https://stopcorona.tn.gov.in/wp-content/uploads/2020/03/Media-Bulletin-08-02-21-COVID-19-6-PM.pdf
Media_Bulletin_07.02.2021_14_Pages_English_443_KB,https://stopcorona.tn.gov.in/wp-content/uploads/2020/03/Media-Bulletin-07-02-21-COVID-19-6-PM.pdf
Media_Bulletin_06.02.2021_14_Pages_English_444_KB,https://stopcorona.tn.gov.in/wp-content/uploads/2020/03/Media-Bulletin-06-02-21-COVID-19-6-PM.pdf
Media_Bulletin_05.02.2021_15_Paqes_English_448_KB,https://stopcorona.tn.gov.in/wp-content/uploads/2020/03/Media-Bulletin-05-02-21-COVID-19-6-PM.pdf
Media_Bulletin_04.02.2021_14_Pages_English_443_KB,https://stopcorona.tn.gov.in/wp-content/uploads/2020/03/Media-Bulletin-04-02-21-COVID-19-6-PM.pdf
Media_Bulletin_03.02.2021_14_Pages_English_426_KB,https://stopcorona.tn.gov.in/wp-content/uploads/2020/03/Media-Bulletin-03-02-21-COVID-19-6-PM.pdf
Media_Bulletin_02.02.2021_15_Pages_English_432_KB,https://stopcorona.tn.gov.in/wp-content/uploads/2020/03/Media-Bulletin-02.02.2021-15-Pages-English-432-KB.pdf
Media_Bulletin_01.02.2021_14_Pages_English_427_KB,https://stopcorona.tn.gov.in/wp-content/uploads/2020/03/Media-Bulletin-01.02.2021-14-Pages-English-427-KB.pdf
Media_Bulletin_31.01.2021_15_Pages_English_433_KB,https://stopcorona.tn.gov.in/wp-content/uploads/2020/03/Media-Bulletin-31-01-21-COVID-19-6-PM.pdf
Media_Bulletin_30.01.2021_14_Pages_English_427_KB,https://stopcorona.tn.gov.in/wp-content/uploads/2020/03/Media-Bulletin-30-01-21-COVID-19-6-PM.pdf
Media_Bulletin_29.01.2021_14_Pages_English_426_KB,https://stopcorona.tn.gov.in/wp-content/uploads/2020/03/Media-Bulletin-29-01-21-COVID-19-6-PM.pdf
Media_Bulletin_28.01.2021_15_Pages_English_430_KB,https://stopcorona.tn.gov.in/wp-content/uploads/2020/03/Media-Bulletin-28-01-21-COVID-19-6-PM.pdf
Media_Bulletin_27.01.2021_14_Pages_English_428_KB,https://stopcorona.tn.gov.in/wp-content/uploads/2020/03/Media-Bulletin-27-01-21-COVID-19-6-PM.pdf
Media_Bulletin_26.01.2021_15_Pages_English_431_KB,https://stopcorona.tn.gov.in/wp-content/uploads/2020/03/Media-Bulletin-26-01-21-COVID-19-6-PM.pdf
Media_Bulletin_25.01.2021_15_Pages_English_429_KB,https://stopcorona.tn.gov.in/wp-content/uploads/2020/03/Media-Bulletin-25-01-21-COVID-19-6-PM.pdf
Media_Bulletin_24.01.2021_15_Pages_English_448_KB,https://stopcorona.tn.gov.in/wp-content/uploads/2020/03/Media-Bulletin-24-01-21-COVID-19-6-PM.pdf
Media_Bulletin_23.01.2021_14_Pages_English_427_KB,https://stopcorona.tn.gov.in/wp-content/uploads/2020/03/Media-Bulletin-23-01-21-COVID-19-6-PM.pdf
Media_Bulletin_22.01.2021_15_Pages_English_430_KB,https://stopcorona.tn.gov.in/wp-content/uploads/2020/03/Media-Bulletin-22-01-21-COVID-19-6-PM.pdf
Media_Bulletin_21.01.2021_16_Pages_English_434_KB,https://stopcorona.tn.gov.in/wp-content/uploads/2020/03/Media-Bulletin-21-01-21-COVID-19-6-PM.pdf
Media_Bulletin_20.01.2020_15_Pages_English_428_KB,https://stopcorona.tn.gov.in/wp-content/uploads/2021/01/Media-Bulletin-20.01.2020-15-Pages-English-428-KB.pdf
Media_Bulletin_19.01.2021_15_Pages_English_428_KB,https://stopcorona.tn.gov.in/wp-content/uploads/2020/03/Media-Bulletin-19-01-21-COVID-19-6-PM.pdf
Media_Bulletin_18.01.2021_14_Pages_English427_KB,https://stopcorona.tn.gov.in/wp-content/uploads/2020/03/Media-Bulletin-18-01-21-COVID-19-6-PM.pdf
Media_Bulletin_17.01.2021_15_Pages_English_428_KB,https://stopcorona.tn.gov.in/wp-content/uploads/2020/03/Media-Bulletin-17-01-21-COVID-19-6-PM.pdf
Media_Bulletin_16.01.2021_14_Pages_English_415_KB,https://stopcorona.tn.gov.in/wp-content/uploads/2021/01/Media-Bulletin-16.01.2021-14-Pages-English-415-KB.pdf
Media_Bulletin_15.01.2021_15_Pages_English_596_KB,https://stopcorona.tn.gov.in/wp-content/uploads/2020/03/Media-Bulletin-15.01.2021-15-Pages-English-596-KB.pdf
Media_Bulletin_14.01.2021_15_Pages_English_428_KB,https://stopcorona.tn.gov.in/wp-content/uploads/2020/03/Media-Bulletin-14.01.2021-15-Pages-English-428-KB.pdf
Media_Bulletin_13.01.2021_14_Pages_English_425_KB,https://stopcorona.tn.gov.in/wp-content/uploads/2020/03/Media-Bulletin-13-01-21-COVID-19-6-PM.pdf
Media_Bulletin_12.01.2021_15_Pages_English_419_KB,https://stopcorona.tn.gov.in/wp-content/uploads/2020/03/Media-Bulletin-12.01.2021-15-Pages-English-419-KB.pdf
Media_Bulletin_11.01.2021_14_Pages_English_420_KB,https://stopcorona.tn.gov.in/wp-content/uploads/2020/03/Media-Bulletin-11-01-21-COVID-19-6-PM.pdf
Media_Bulletin_10.01.2021_15_Pages_English_415_KB,https://stopcorona.tn.gov.in/wp-content/uploads/2020/03/Media-Bulletin-10.01.2021-14-Pages-English-415-KB.pdf
Media_Bulletin_09.01.2021_15_Pages_English_428_KB,https://stopcorona.tn.gov.in/wp-content/uploads/2021/01/Media-Bulletin-09.01.2020-15-Pages-English-428-KB.pdf
Media_Bulletin_08.01.2021_13_Pages_English_408_KB,https://stopcorona.tn.gov.in/wp-content/uploads/2021/01/Media-Bulletin-08-01-21-COVID-19-6-PM.pdf
Media_Bulletin_07.01.2021_14_Pages_English_413_KB,https://stopcorona.tn.gov.in/wp-content/uploads/2020/03/Media-Bulletin-07.01.2021-14-Pages-English-413-KB.pdf
Media_Bulletin_06.01.2021_14_Pages_English_412_KB,https://stopcorona.tn.gov.in/wp-content/uploads/2020/03/Media-Bulletin-06-01-21-COVID-19-6-PM.pdf
Media_Bulletin_05.01.2021_14_Pages_English_415_KB,https://stopcorona.tn.gov.in/wp-content/uploads/2021/01/Media-Bulletin-05.01.2021-14-Pages-English-415-KB.pdf
Media_Bulletin_04.01.2021_14_Pages_English_415_KB,https://stopcorona.tn.gov.in/wp-content/uploads/2021/01/Media-Bulletin-04.01.2021-14-Pages-English-415-KB.pdf
Media_Bulletin_03.01.2021_14_Pages_English_412_KB,https://stopcorona.tn.gov.in/wp-content/uploads/2020/03/Media-Bulletin-03-01-21-COVID-19-6-PM.pdf
Media_Bulletin_02.01.2021_14_Pages_English_412_KB,https://stopcorona.tn.gov.in/wp-content/uploads/2020/03/Media-Bulletin-02-01-21-COVID-19-6-PM-1.pdf
Media_Bulletin_01.01.2021_14_Pages_English_412_KB,https://stopcorona.tn.gov.in/wp-content/uploads/2020/03/Media-Bulletin-01-01-21-COVID-19-6-PM.pdf
Media_Bulletin_31.12.2020_15_Pages_English_423_KB,https://stopcorona.tn.gov.in/wp-content/uploads/2020/03/Media-Bulletin-31-12-20-COVID-19-6-PM.pdf
Media_Bulletin_30.12.2020_16_Pages_English_601_KB,https://stopcorona.tn.gov.in/wp-content/uploads/2020/12/Media-Bulletin-30.12.2020-16-Pages-English-601-KB.pdf
Media_Bulletin_29.12.2020_15_Pages_English_428_KB,https://stopcorona.tn.gov.in/wp-content/uploads/2020/12/Media-Bulletin-29.12.2020-15-Pages-English-428-KB.pdf
Media_Bulletin_28.12.2020_15_Pages_English_428_KB,https://stopcorona.tn.gov.in/wp-content/uploads/2020/12/Media-Bulletin-28.12.2020-15-Pages-English-428-KB.pdf
Media_Bulletin_27.12.2020_14_Pages_English_408_KB,https://stopcorona.tn.gov.in/wp-content/uploads/2020/03/Media-Bulletin-27.12.2020-14-Pages-English-408-KB.pdf
Media_Bulletin_26.12.2020_15_Pages_English_413_KB,https://stopcorona.tn.gov.in/wp-content/uploads/2020/03/Media-Bulletin-26-12-20-COVID-19-6-PM.pdf
Media_Bulletin_25.12.2020_15_Pages_English_412_KB,https://stopcorona.tn.gov.in/wp-content/uploads/2020/03/Media-Bulletin-25.12.2020-15-Pages-English-412-KB.pdf
Media_Bulletin_24.12.2020_15_Pages_English_415_KB,https://stopcorona.tn.gov.in/wp-content/uploads/2020/03/Media-Bulletin-24-12-20-COVID-19-6-PM.pdf
Media_Bulletin_23.12.2020_14_Pages_English_415_KB,https://stopcorona.tn.gov.in/wp-content/uploads/2020/12/Media-Bulletin-23.12.2020-14-Pages-English-415-KB.pdf
Media_Bulletin_22.12.2020_16_Pages_English_415_KB,https://stopcorona.tn.gov.in/wp-content/uploads/2020/03/Media-Bulletin-22-12-20-COVID-19-6-PM.pdf
Media_Bulletin_21.12.2020_14_Pages_English_415_KB,https://stopcorona.tn.gov.in/wp-content/uploads/2020/12/Media-Bulletin-21.12.2020-14-Pages-English-415-KB.pdf
Media_Bulletin_20.12.2020_16_Pages_English_414_KB,https://stopcorona.tn.gov.in/wp-content/uploads/2020/03/Media-Bulletin-20-12-20-COVID-19-6-PM.pdf
Media_Bulletin_19.12.2020_16_Pages_English_412_KB,https://stopcorona.tn.gov.in/wp-content/uploads/2020/03/Media-Bulletin-19-12-20-COVID-19-6-PM.pdf
Media_Bulletin_18.12.2020_14_Pages_English_415_KB,https://stopcorona.tn.gov.in/wp-content/uploads/2020/12/Media-Bulletin-18.12.2020-14-Pages-English-415-KB.pdf
Media_Bulletin_17.12.2020_14_Pages_English_404_KB,https://stopcorona.tn.gov.in/wp-content/uploads/2020/03/Media-Bulletin-17-12-20-COVID-19-6-PM.pdf
Media_Bulletin_16.12.2020_14_Pages_English_404_KB,//stopcorona.tn.gov.in/wp-content/uploads/2020/03/Media-Bulletin-16-12-20-COVID-19-6-PM.pdf
Media_Bulletin_15.12.2020_15_Pages_English_428_KB,https://stopcorona.tn.gov.in/wp-content/uploads/2020/12/Media-Bulletin-15.12.2020-15-Pages-English-428-KB.pdf
Media_Bulletin_14.12.2020_16_Pages_English_601_KB,https://stopcorona.tn.gov.in/wp-content/uploads/2020/12/Media-Bulletin-14.12.2020-16-Pages-English-601-KB.pdf
Media_Bulletin_13.12.2020_15_Pages_English_403_KB,https://stopcorona.tn.gov.in/wp-content/uploads/2020/03/Media-Bulletin-13-12-20-COVID-19-6-PM-1.pdf
Media_Bulletin_12.12.2020_14_Pages_English_404_KB,https://stopcorona.tn.gov.in/wp-content/uploads/2020/03/Media-Bulletin-12-12-20-COVID-19-6-PM.pdf
Media_Bulletin_11.12.2020_15_Pages_English_428_KB,https://stopcorona.tn.gov.in/wp-content/uploads/2020/12/Media-Bulletin-11.12.2020-15-Pages-English-428-KB.pdf
Media_Bulletin_10.12.2020_15_Pages_English_413_KB,https://stopcorona.tn.gov.in/wp-content/uploads/2020/03/Media-Bulletin-10-12-20-COVID-19-6-PM.pdf
Media_Bulletin_09.12.2020_15_Pages_English_407_KB,https://stopcorona.tn.gov.in/wp-content/uploads/2020/03/Media-Bulletin-09-12-20-COVID-19-6-PM.pdf
Media_Bulletin_08.12.202014_Pages_English_395_KB,https://stopcorona.tn.gov.in/wp-content/uploads/2020/03/Media-Bulletin-08.12.202014-Pages-English-395-KB.pdf
Media_Bulletin_07.12.2020_16_Pages_English_601_KB,https://stopcorona.tn.gov.in/wp-content/uploads/2020/12/Media-Bulletin-07.12.2020-16-Pages-English-601-KB.pdf
Media_Bulletin_06.12.2020_15_Pages_English_408_KB,https://stopcorona.tn.gov.in/wp-content/uploads/2020/03/Media-Bulletin-06-12-20-COVID-19-6-PM.pdf
Media_Bulletin_05.12.2020_15_Pages_English_411_KB,https://stopcorona.tn.gov.in/wp-content/uploads/2020/03/Media-Bulletin-05-12-20-COVID-19-6-PM.pdf
Media_Bulletin_04.12.2020_16_Pages_English_417_KB,https://stopcorona.tn.gov.in/wp-content/uploads/2020/03/Media-Bulletin-04-12-20-COVID-19-6-PM.pdf
Media_Bulletin_03.12.2020_16_Pages_English_599KB,https://stopcorona.tn.gov.in/wp-content/uploads/2020/03/Media-Bulletin-03-12-20-COVID-19-6-PM-1.pdf
Media_Bulletin_02.12.2020_15_Pages_English_428_KB,https://stopcorona.tn.gov.in/wp-content/uploads/2020/12/Media-Bulletin-02.12.2020-15-Pages-English-428-KB.pdf
Media_Bulletin_01.12.2020_15_Pages_English_428_KB,https://stopcorona.tn.gov.in/wp-content/uploads/2020/12/Media-Bulletin-01.12.2020-15-Pages-English-428-KB.pdf
Media_Bulletin_30.11.2020_15_Pages_English_428_KB,https://stopcorona.tn.gov.in/wp-content/uploads/2020/11/Media-Bulletin-30.11.2020-15-Pages-English-428-KB.pdf
Media_Bulletin_29.11.2020_15_Pages_English_857_KB,https://stopcorona.tn.gov.in/wp-content/uploads/2020/03/Media-Bulletin-29.11.2020-15-Pages-English-857-KB.pdf
Media_Bulletin_28.11.2020_16_Pages_English_601_KB,https://stopcorona.tn.gov.in/wp-content/uploads/2020/11/Media-Bulletin-28.11.2020-16-Pages-English-601-KB.pdf
Media_Bulletin_27.11.2020_15_Pages_English_428_KB,https://stopcorona.tn.gov.in/wp-content/uploads/2020/11/Media-Bulletin-27.11.2020-15-Pages-English-428-KB.pdf
Media_Bulletin_26.11.2020__16_Pages_English_701_KB,https://stopcorona.tn.gov.in/wp-content/uploads/2020/03/Media-Bulletin-26-11-20-COVID-19-6-PM.pdf
Media_Bulletin_25.11.2020_16_Pages_English_755_KB,https://stopcorona.tn.gov.in/wp-content/uploads/2020/03/Media-Bulletin-25-11-20-COVID-19-6-PM.pdf
Media_Bulletin_24.11.2020_16_Pages_English_418_KB,https://stopcorona.tn.gov.in/wp-content/uploads/2020/03/Media-Bulletin-24-11-20-COVID-19-6-PM.pdf
Media_Bulletin_23.11.2020_15_Pages_English_428_KB,https://stopcorona.tn.gov.in/wp-content/uploads/2020/11/Media-Bulletin-23.11.2020-15-Pages-English-428-KB.pdf
Media_Bulletin_22.11.2020_16_Pages_English_416_KB,https://stopcorona.tn.gov.in/wp-content/uploads/2020/03/Media-Bulletin-22-11-20-COVID-19-6-PM.pdf
Media_Bulletin_21.11.2020_16_Pages_English_416_KB,https://stopcorona.tn.gov.in/wp-content/uploads/2020/03/Media-Bulletin-21-11-20-COVID-19-6-PM.pdf
Media_Bulletin_20.11.2020_15_Pages_English_750_KB,https://stopcorona.tn.gov.in/wp-content/uploads/2020/03/Media-Bulletin-20-11-20-COVID-19-6-PM.pdf
Media_Bulletin_19.11.2020_15_Pages_English_428_KB,https://stopcorona.tn.gov.in/wp-content/uploads/2020/11/Media-Bulletin-19.11.2020-15-Pages-English-428-KB.pdf
Media_Bulletin_18.11.2020_15_Pages_English_576_KB,https://stopcorona.tn.gov.in/wp-content/uploads/2020/03/Media-Bulletin-18-11-20-COVID-19-6-PM.pdf
Media_Bulletin_17.11.2020_15_Pages_English_428_KB,https://stopcorona.tn.gov.in/wp-content/uploads/2020/11/Media-Bulletin-17.11.2020-15-Pages-English-428-KB.pdf
Media_Bulletin_16.11.2020_15_Pages_English_428_KB,https://stopcorona.tn.gov.in/wp-content/uploads/2020/11/Media-Bulletin-16.11.2020-15-Pages-English-428-KB.pdf
Media_Bulletin_15.11.2020_14_Pages_English_406_KB,https://stopcorona.tn.gov.in/wp-content/uploads/2020/03/Media-Bulletin-15-11-20-COVID-19-6-PM.pdf
Media_Bulletin_14.11.2020_15_Pages_English_405_KB,https://stopcorona.tn.gov.in/wp-content/uploads/2020/11/Media-Bulletin-14.11.2020-15-Pages-English-405-KB.pdf
Media_Bulletin_13.11.2020_16_Pages_English_601_KB,https://stopcorona.tn.gov.in/wp-content/uploads/2020/11/Media-Bulletin-13.11.2020-16-Pages-English-601-KB.pdf
Media_Bulletin_12.11.2020_18_Pages_English_613_KB,https://stopcorona.tn.gov.in/wp-content/uploads/2020/03/Media-Bulletin-12-11-20-COVID-19-6-PM.pdf
Media_Bulletin_11.11.2020_18_Pages_English_604_KB,https://stopcorona.tn.gov.in/wp-content/uploads/2020/03/Media-Bulletin-11-11-20-COVID-19-6-PM.pdf
Media_Bulletin_10.11.2020_17_Pages_English_448_KB,https://stopcorona.tn.gov.in/wp-content/uploads/2020/11/Media-Bulletin-10.11.2020-17-Pages-English-448-KB.pdf
Media_Bulletin_09.11.2020_17_Pages_English_439_KB,https://stopcorona.tn.gov.in/wp-content/uploads/2020/03/Media-Bulletin-09-11-20-COVID-19-6-PM.pdf
Media_Bulletin_08.11.2020_18_Pages_English_620_KB,https://stopcorona.tn.gov.in/wp-content/uploads/2020/11/Media-Bulletin-08.11.2020-18-Pages-English-620-KB.pdf
Media_Bulletin_07.11.2020_17_Pages_English_433_KB,https://stopcorona.tn.gov.in/wp-content/uploads/2020/03/Media-Bulletin-07-11-20-COVID-19-6-PM.pdf
Media_Bulletin_06.11.2020_18_Pages_English_437_KB,https://stopcorona.tn.gov.in/wp-content/uploads/2020/03/Media-Bulletin-06-11-20-COVID-19-6-PM.pdf
Media_Bulletin_05.11.2020_18_Pages_English_620_KB,https://stopcorona.tn.gov.in/wp-content/uploads/2020/11/Media-Bulletin-05.11.2020-18-Pages-English-620-KB.pdf
Media_Bulletin_04.11.2020_19_Pages_English_435_KB,https://stopcorona.tn.gov.in/wp-content/uploads/2020/03/Media-Bulletin-04-11-20-COVID-19-6-PM.pdf
Media_Bulletin_03.11.2020_18_Pages_English_620_KB,https://stopcorona.tn.gov.in/wp-content/uploads/2020/11/Media-Bulletin-03.11.2020-18-Pages-English-620-KB.pdf
Media_Bulletin_02.11.2020_18_Pages_English_437_KB,https://stopcorona.tn.gov.in/wp-content/uploads/2020/03/Media-Bulletin-02-11-20-COVID-19-6-PM.pdf
Media_Bulletin_01.11.2020_19_Pages_English_444_KB,https://stopcorona.tn.gov.in/wp-content/uploads/2020/03/Media-Bulletin-01-11-20-COVID-19-6-PM-1.pdf
Media_Bulletin_31.10.2020_18_Pages_English_435_KB,https://stopcorona.tn.gov.in/wp-content/uploads/2020/03/Media-Bulletin-31-10-20-COVID-19-6-PM.pdf
Media_Bulletin_30.10.2020_19_Pages_English_635_KB,https://stopcorona.tn.gov.in/wp-content/uploads/2020/10/Media-Bulletin-30.10.2020-19-Pages-English-635-KB.pdf
Media_Bulletin_29.10.2020_18_Pages_English_620_KB,https://stopcorona.tn.gov.in/wp-content/uploads/2020/10/Media-Bulletin-29.10.2020-18-Pages-English-620-KB.pdf
Media_Bulletin_28.10.2020_19_Pages_English_635_KB,https://stopcorona.tn.gov.in/wp-content/uploads/2020/10/Media-Bulletin-28.10.2020-19-Pages-English-635-KB.pdf
Media_Bulletin_27.10.2020_19_Pages_English_635_KB,https://stopcorona.tn.gov.in/wp-content/uploads/2020/10/Media-Bulletin-27.10.2020-19-Pages-English-635-KB.pdf
Media_Bulletin_26.10.2020_18_Pages_English_620_KB,https://stopcorona.tn.gov.in/wp-content/uploads/2020/10/Media-Bulletin-26.10.2020-18-Pages-English-620-KB.pdf
Media_Bulletin_25.10.2020_18_Pages_English_430_KB,https://stopcorona.tn.gov.in/wp-content/uploads/2020/10/Media-Bulletin-25-10-20-COVID-19-6-PM.pdf
Media_Bulletin_24.10.2020_19_Pages_English_431_KB,https://stopcorona.tn.gov.in/wp-content/uploads/2020/03/Media-Bulletin-24-10-20-COVID-19-6-PM.pdf
Media_Bulletin_23.10.2020_20_Pages_English_445_KB,https://stopcorona.tn.gov.in/wp-content/uploads/2020/03/Media-Bulletin-23-10-20-COVID-19-6-PM.pdf
Media_Bulletin_22.10.2020_21_Pages_English_470_KB,https://stopcorona.tn.gov.in/wp-content/uploads/2020/10/Media-Bulletin-22.10.2020-21-Pages-English-470-KB.pdf
Media_Bulletin_20.10.2020_22_Pages_English_782_KB,https://stopcorona.tn.gov.in/wp-content/uploads/2020/10/Media-Bulletin-20.10.2020-22-Pages-English-782-KB.pdf
Media_Bulletin_19.10.2020_22_Pages_English_782_KB,https://stopcorona.tn.gov.in/wp-content/uploads/2020/10/Media-Bulletin-19.10.2020-22-Pages-English-782-KB.pdf
Media_Bulletin_18.10.202023_Pages_English_711_KB,https://stopcorona.tn.gov.in/wp-content/uploads/2020/03/Media-Bulletin-18-10-20-COVID-19-6-PM.pdf
Media_Bulletin_17.10.2020_23_Pages_English_668_KB,https://stopcorona.tn.gov.in/wp-content/uploads/2020/03/Media-Bulletin-17-10-20-COVID-19-6-PM.pdf
Media_Bulletin_16.10.2020_23_Pages_English_464_KB,https://stopcorona.tn.gov.in/wp-content/uploads/2020/10/Media-Bulletin-16.10.2020-23-Pages-English-464-KB.pdf
Media_Bulletin_15.10.2020_22_Pages_English_782_KB,https://stopcorona.tn.gov.in/wp-content/uploads/2020/10/Media-Bulletin-15.10.2020-22-Pages-English-782-KB.pdf
Media_Bulletin_14.10.2020_22_Pages_English_782_KB,https://stopcorona.tn.gov.in/wp-content/uploads/2020/10/Media-Bulletin-14.10.2020-22-Pages-English-782-KB.pdf
Media_Bulletin_13.10.2020_22_Pages_English_782_KB,https://stopcorona.tn.gov.in/wp-content/uploads/2020/10/Media-Bulletin-13.10.2020-22-Pages-English-782-KB.pdf
Media_Bulletin_12.10.2020_23_Pages_English_463_KB,https://stopcorona.tn.gov.in/wp-content/uploads/2020/03/Media-Bulletin-12.10.-2020-23-Pages-English-463-KB.pdf
Media_Bulletin_11.10.2020_24_Pages_English_461_KB,https://stopcorona.tn.gov.in/wp-content/uploads/2020/03/Media-Bulletin-11-10-20-COVID-19-6-PM-1-1.pdf
Media_Bulletin_10.10.2020_24_Pages_English_460_KB,https://stopcorona.tn.gov.in/wp-content/uploads/2020/03/Media-Bulletin-10-10-20-COVID-19-6-PM.pdf
Media_Bulletin_09.10.2020_25_Pages_English_475_KB,https://stopcorona.tn.gov.in/wp-content/uploads/2020/10/Media-Bulletin-09.10.2020-25-Pages-English-475-KB.pdf
Media_Bulletin_08.10.2020_24_Pages_English_466_KB,https://stopcorona.tn.gov.in/wp-content/uploads/2020/10/Media-Bulletin-08.10.2020-24-Pages-English-466-KB.pdf
Media_Bulletin_07.10.2020_23_Pages_English_460_KB,https://stopcorona.tn.gov.in/wp-content/uploads/2020/03/Media-Bulletin-07-10-20-COVID-19-6-PM.pdf
Media_Bulletin_06.10.2020_24_Pages_English_466_KB,https://stopcorona.tn.gov.in/wp-content/uploads/2020/10/Media-Bulletin-06.10.2020-24-Pages-English-466-KB.pdf
Media_Bulletin_05.10.2020_23_Pages_English_464_KB,https://stopcorona.tn.gov.in/wp-content/uploads/2020/10/Media-Bulletin-05.10.2020-23-Pages-English-464-KB.pdf
Media_Bulletin_04.10.2020_24_Pages_English_466_KB,https://stopcorona.tn.gov.in/wp-content/uploads/2020/10/Media-Bulletin-04.10.2020-24-Pages-English-466-KB.pdf
Media_Bulletin_03.10.2020_24_Pages_English_559_KB,https://stopcorona.tn.gov.in/wp-content/uploads/2020/03/Media-Bulletin-03-10-20-COVID-19-6-PM.pdf
Media_Bulletin_02.10.2020_24_Pages_English_465_KB,https://stopcorona.tn.gov.in/wp-content/uploads/2020/03/Media-Bulletin-02-10-20-COVID-19-6-PM.pdf
Media_Bulletin_01.10.2020_23_Pages_English_464_KB,https://stopcorona.tn.gov.in/wp-content/uploads/2020/10/Media-Bulletin-01.10.2020-23-Pages-English-464-KB.pdf
Media_Bulletin_30.09.2020_24_Pages_English_466_KB,https://stopcorona.tn.gov.in/wp-content/uploads/2020/09/Media-Bulletin-30.09.2020-24-Pages-English-466-KB.pdf
Media_Bulletin_29.09.2020_25_Pages_English_470_KB,https://stopcorona.tn.gov.in/wp-content/uploads/2020/09/Media-Bulletin-29.09.2020-25-Pages-English-470-KB.pdf
Media_Bulletin_28.09.2020_25_Pages_English_470_KB,https://stopcorona.tn.gov.in/wp-content/uploads/2020/09/Media-Bulletin-28.09.2020-25-Pages-English-470-KB.pdf
Media_Bulletin_27.09.2020_27_Pages_English_860_KB,https://stopcorona.tn.gov.in/wp-content/uploads/2020/03/Media-Bulletin-27-09-20-COVID-19-6-PM.pdf
Media_Bulletin_26.09.2020_27_Pages_English_476_KB,https://stopcorona.tn.gov.in/wp-content/uploads/2020/03/Media-Bulletin-26-09-20-COVID-19-6-PM.pdf
Media_Bulletin_25.09.2020_25_Pages_English_460_KB,https://stopcorona.tn.gov.in/wp-content/uploads/2020/03/Media-Bulletin-25-09-20-COVID-19-6-PM.pdf
Media_Bulletin_24.09.2020_23_Pages_English_464_KB,https://stopcorona.tn.gov.in/wp-content/uploads/2020/09/Media-Bulletin-24.09.2020-23-Pages-English-464-KB.pdf
Media_Bulletin_23.09.2020_25_Pages_English_731_KB,https://stopcorona.tn.gov.in/wp-content/uploads/2020/09/Media-Bulletin-23.09.2020-25-Pages-English-731-KB.pdf
Media_Bulletin_22.09.2020_24_Pages_English_460_KB,https://stopcorona.tn.gov.in/wp-content/uploads/2020/03/Media-Bulletin-22-09-20-COVID-19-6-PM.pdf
Media_Bulletin_21.09.2020_23_Pages_English_468_KB,https://stopcorona.tn.gov.in/wp-content/uploads/2020/09/Media-Bulletin-21.09.2020-23-Pages-English-468-KB.pdf
Media_Bulletin_20.09.2020_23_Pages_English_450_KB,https://stopcorona.tn.gov.in/wp-content/uploads/2020/03/Media-Bulletin-20-09-20-COVID-19-6-PM.pdf
Media_Bulletin_19.09.2020_23_Pages_English_468_KB,https://stopcorona.tn.gov.in/wp-content/uploads/2020/09/Media-Bulletin-19.09.2020-23-Pages-English-468-KB.pdf
Media_Bulletin_18.09.2020_25_Pages_English_460_KB,https://stopcorona.tn.gov.in/wp-content/uploads/2020/03/Media-Bulletin-18-09-20-COVID-19-6-PM.pdf
Media_Bulletin_17.09.2020_23_Pages_English_468_KB,https://stopcorona.tn.gov.in/wp-content/uploads/2020/09/Media-Bulletin-17.09.2020-23-Pages-English-468-KB.pdf
Media_Bulletin_16.09.2020_22_Pages_English_456_KB,https://stopcorona.tn.gov.in/wp-content/uploads/2020/09/Media-Bulletin-16.09.2020-22-Pages-English-456-KB.pdf
Media_Bulletin_15.09.2020_24_Pages_English_452_KB,https://stopcorona.tn.gov.in/wp-content/uploads/2020/03/Media-Bulletin-15-09-20-COVID-19-6-PM.pdf
Media_Bulletin_14.09.2020_22_Pages_English_782_KB,https://stopcorona.tn.gov.in/wp-content/uploads/2020/09/Media-Bulletin-14.09.2020-22-Pages-English-782-KB.pdf
Media_Bulletin_13.09.2020_24_Pages_English_463_KB,https://stopcorona.tn.gov.in/wp-content/uploads/2020/09/Media-Bulletin-13.09.2020-24-Pages-English-463-KB.pdf
Media_Bulletin_12.09.2020_26_Pages_English_728_KB,https://stopcorona.tn.gov.in/wp-content/uploads/2020/09/Media-Bulletin-12.09.2020-26-Pages-English-728-KB.pdf
Media_Bulletin_11.09.2020_25_Pages_English_468_KB,https://stopcorona.tn.gov.in/wp-content/uploads/2020/03/Media-Bulletin-11-09-20-COVID-19-6-PM.pdf
Media_Bulletin_10.09.2020_24_Pages_English_448_KB,https://stopcorona.tn.gov.in/wp-content/uploads/2020/03/Media-Bulletin-10-09-20-COVID-19-6-PM-1.pdf
Media_Bulletin_09.09.2020_26_Pages_English_728_KB,https://stopcorona.tn.gov.in/wp-content/uploads/2020/03/Media-Bulletin-09.09.2020-26-Pages-English-728-KB.pdf
Media_Bulletin_08.09.2020_26_Pages_English_728_KB,https://stopcorona.tn.gov.in/wp-content/uploads/2020/09/Media-Bulletin-08.09.2020-26-Pages-English-728-KB.pdf
Media_Bulletin_07.09.2020_27_Pages_English_466_KB,https://stopcorona.tn.gov.in/wp-content/uploads/2020/03/Media-Bulletin-07-09-20-COVID-19-6-PM.pdf
Media_Bulletin_06.09.2020_26_Pages_English_476_KB,https://stopcorona.tn.gov.in/wp-content/uploads/2020/09/Media-Bulletin-06.09.2020-26-Pages-English-476-KB.pdf
Media_Bulletin_05.09.2020_23_Pages_English_456_KB,https://stopcorona.tn.gov.in/wp-content/uploads/2020/09/Media-Bulletin-05.09.2020-23-Pages-English-456-KB.pdf
Media_Bulletin_04.09.2020_26_Pages_English_460_KB,https://stopcorona.tn.gov.in/wp-content/uploads/2020/03/Media-Bulletin-04-09-20-COVID-19-6-PM.pdf
Media_Bulletin_03.09.2020_28_Pages_English_478_KB,https://stopcorona.tn.gov.in/wp-content/uploads/2020/09/Media-Bulletin-03.09.2020-28-Pages-English-478-KB.pdf
Media_Bulletin_02.09.2020_29_Pages_English_494_KB,https://stopcorona.tn.gov.in/wp-content/uploads/2020/09/Media-Bulletin-02.09.2020-29-Pages-English-494-KB.pdf
Media_Bulletin_01.09.2020_27_Pages_English_838_KB,https://stopcorona.tn.gov.in/wp-content/uploads/2020/09/Media-Bulletin-01.09.2020-27-Pages-English-838-KB.pdf
Media_Bulletin_27.09.2020_27_Pages_English_860_KB,https://stopcorona.tn.gov.in/wp-content/uploads/2020/03/Media-Bulletin-27-09-20-COVID-19-6-PM.pdf
Media_Bulletin_31.08.2020_26_Pages_English_468_KB,https://stopcorona.tn.gov.in/wp-content/uploads/2020/03/Media-Bulletin-31-08-20-COVID-19-6-PM.pdf
Media_Bulletin_30.08.2020_27_Pages_English_467_KB,https://stopcorona.tn.gov.in/wp-content/uploads/2020/03/Media-Bulletin-30-08-20-COVID-19-6-PM.pdf
Media_Bulletin_29.08.2020_26_Pages_English_707_KB,https://stopcorona.tn.gov.in/wp-content/uploads/2020/08/Media-Bulletin-29.07.2020-26-Pages-English-707-KB.pdf
Media_Bulletin_28.08.2020_28_Pages_English_484_KB,https://stopcorona.tn.gov.in/wp-content/uploads/2020/08/Media-Bulletin-28.08.2020-28-Pages-English-484-KB.pdf
Media_Bulletin_27.08.2020_28_Pages_English_479_KB,https://stopcorona.tn.gov.in/wp-content/uploads/2020/08/Media-Bulletin-27.08.2020-29-Pages-English-479-KB.pdf
Media_Bulletin_26.08.2020_32_Pages_English_482_KB,https://stopcorona.tn.gov.in/wp-content/uploads/2020/03/Media-Bulletin-26-08-20-COVID-19-6-PM.pdf
Media_Bulletin_25.08.2020_29_Pages_English_472_KB,https://stopcorona.tn.gov.in/wp-content/uploads/2020/03/Media-Bulletin-25-08-20-COVID-19-6-PM.pdf
Media_Bulletin_24.08.2020_28_Pages_English_728_KB,https://stopcorona.tn.gov.in/wp-content/uploads/2020/03/Media-Bulletin-24-08-20-COVID-19-6-PM.pdf
Media_Bulletin_23.08.2020_27_Pages_English_840_KB,https://stopcorona.tn.gov.in/wp-content/uploads/2020/03/Media-Bulletin-23.08.2020-27-Pages-English-840-KB.pdf
Media_Bulletin_22.08.2020_25_Pages_English_787_KB,https://stopcorona.tn.gov.in/wp-content/uploads/2020/03/Media-Bulletin-22-08-20-COVID-19-6-PM.pdf
Media_Bulletin_21.08.2020_27_Pages_English_770_KB,https://stopcorona.tn.gov.in/wp-content/uploads/2020/08/Media-Bulletin-21.08.2020-27-Pages-English-770-KB.pdf
Media_Bulletin_20.08.2020_28_Pages_English_480_KB,https://stopcorona.tn.gov.in/wp-content/uploads/2020/08/Media-Bulletin-20.08.2020-28-Pages-English-480-KB.pdf
Media_Bulletin_19.08.2020_27_Pages_English_467_KB,https://stopcorona.tn.gov.in/wp-content/uploads/2020/08/Media-Bulletin-19.08.2020-27-Pages-English-467-KB.pdf
Media_Bulletin_18.08.2020_29_Pages_English_483_KB,https://stopcorona.tn.gov.in/wp-content/uploads/2020/08/Media-Bulletin-18.08.2020-29-Pages-English-483-KB.pdf
Media_Bulletin_17.08.2020_29_Pages_English_822_KB,https://stopcorona.tn.gov.in/wp-content/uploads/2020/08/Media-Bulletin-17.08.2020-29-Pages-English-822-KB.pdf
Media_Bulletin_16.08.2020_28_Pages_English_461_KB,https://stopcorona.tn.gov.in/wp-content/uploads/2020/03/Media-Bulletin-16-08-20-COVID-19-6-PM.pdf
Media_Bulletin_15.08.2020_30_Pages_English_475_KB,https://stopcorona.tn.gov.in/wp-content/uploads/2020/03/Media-Bulletin-15-08-20-COVID-19-6-PM.pdf
Media_Bulletin_14.08.2020_28_Pages_English_475_KB,https://stopcorona.tn.gov.in/wp-content/uploads/2020/08/Media-Bulletin-14.08.2020-28-Pages-English-475-KB.pdf
Media_Bulletin_13.08.2020_28_Pages_English_469_KB,https://stopcorona.tn.gov.in/wp-content/uploads/2020/03/Media-Bulletin-13-08-20-COVID-19-6-PM.pdf
Media_Bulletin_12.08.2020_29_Pages_English_483_KB,https://stopcorona.tn.gov.in/wp-content/uploads/2020/08/Media-Bulletin-12.08.2020-29-Pages-English-483-KB.pdf
Media_Bulletin_11.08.2020_28_Pages_English_464_KB,https://stopcorona.tn.gov.in/wp-content/uploads/2020/03/Media-Bulletin-11.08.2020-28-Pages-English-464-KB.pdf
Media_Bulletin_10.08.2020_27_Pages_English_467_KB,https://stopcorona.tn.gov.in/wp-content/uploads/2020/03/Media-Bulletin-10-08-20-COVID-19-6-PM.pdf
Media_Bulletin_09.08.2020_30_Pages_English_666_KB,https://stopcorona.tn.gov.in/wp-content/uploads/2020/08/Media-Bulletin-09082020-30-Pages-English-666-KB.pdf
Media_Bulletin_08.08.2020_30_Pages_English_480_KB,https://stopcorona.tn.gov.in/wp-content/uploads/2020/03/Media-Bulletin-08-08-20-COVID-19-6-PM.pdf
Media_Bulletin_07.08.2020_30_Pages_English_652_KB,https://stopcorona.tn.gov.in/wp-content/uploads/2020/03/Media-Bulletin-07-08-20-COVID-19-6-PM.pdf
Media_Bulletin_06.08.2020_29_Pages_English_466_KB,https://stopcorona.tn.gov.in/wp-content/uploads/2020/03/Media-Bulletin-06-08-20-COVID-19-6-PM.pdf
Media_Bulletin_05.08.2020_30_Pages_English_476_KB,https://stopcorona.tn.gov.in/wp-content/uploads/2020/03/Media-Bulletin-05-08-20-COVID-19-6-PM.pdf
Media_Bulletin_04.08.2020_28_Pages_English_464_KB,https://stopcorona.tn.gov.in/wp-content/uploads/2020/03/Media-Bulletin-04-08-20-COVID-19-6-PM.pdf
Media_Bulletin_03.08.2020_31_Pages_English_483_KB,https://stopcorona.tn.gov.in/wp-content/uploads/2020/03/Media-Bulletin-03-08-20-COVID-19-6-PM.pdf
Media_Bulletin_02.08.202028_Pages_English_752_KB,https://stopcorona.tn.gov.in/wp-content/uploads/2020/03/Media-Bulletin-02-08-20-COVID-19-6-PM.pdf
Media_Bulletin_01.08.2020_29_Pages_English_469_KB,https://stopcorona.tn.gov.in/wp-content/uploads/2020/03/Media-Bulletin-01-08-20-COVID-19-6-PM.pdf
Media_Bulletin_31.07.2020_30_Pages_English_490_KB,https://stopcorona.tn.gov.in/wp-content/uploads/2020/07/Media-Bulletin-31.07.2020-30-Pages-English-490-KB.pdf
Media_Bulletin_30.07.2020_30_Pages_English_473_KB,https://stopcorona.tn.gov.in/wp-content/uploads/2020/03/Media-Bulletin-30-07-20-COVID-19-6-PM.pdf
Media_Bulletin_29.07.2020_27_Pages_English_471_KB,https://stopcorona.tn.gov.in/wp-content/uploads/2020/03/Media-Bulletin-29-07-20-COVID-19-6-PM.pdf
Media_Bulletin_28.07.2020_30_Pages_English__479KB,https://stopcorona.tn.gov.in/wp-content/uploads/2020/03/Media-Bulletin-28-07-20-COVID-19-6-PM.pdf
Media_Bulletin_27.07.2020_26_Pages_English_707_KB,https://stopcorona.tn.gov.in/wp-content/uploads/2020/07/Media-Bulletin-27.07.2020-26-Pages-English-707-KB.pdf
Media_Bulletin_26.07.2020_29_Pages_English_489_KB,https://stopcorona.tn.gov.in/wp-content/uploads/2020/07/Media-Bulletin-26.07.2020-29-Pages-English-489-KB.pdf
Media_Bulletin_25.07.2020_29_Pages_English_483_KB,https://stopcorona.tn.gov.in/wp-content/uploads/2020/07/Media-Bulletin-25.07.2020-29-Pages-English-483-KB.pdf
Media_Bulletin_24.07.2020_29_Pages_English_489_KB,https://stopcorona.tn.gov.in/wp-content/uploads/2020/07/Media-Bulletin-24.07.2020-29-Pages-English-489-KB.pdf
Media_Bulletin_23.07.2020_29_Pages_English_479_KB,https://stopcorona.tn.gov.in/wp-content/uploads/2020/07/Media-Bulletin-23.07.2020-29-Pages-English-479-KB.pdf
Media_Bulletin_22.07.2020_26_pages_English_485_KB,https://stopcorona.tn.gov.in/wp-content/uploads/2020/07/Media-Bulletin-22.-07.2020-26-pages-English-485-KB.pdf
Media_Bulletin_21.07.2020_26_Pages_English_469_KB,https://stopcorona.tn.gov.in/wp-content/uploads/2020/07/Media-Bulletin-21.07.2020-26-Pages-English-469-KB.pdf
Media_Bulletin_20.07.2020_29_Pages_English_484_KB,https://stopcorona.tn.gov.in/wp-content/uploads/2020/07/Media-Bulletin-20.07.2020-29-Pages-English-484-KB.pdf
Media_Bulletin_19.07.2020_30_Pages_English_495_KB,https://stopcorona.tn.gov.in/wp-content/uploads/2020/03/Media-Bulletin-19-07-20-COVID-19-6-PM.pdf
Media_Bulletin_18.07.2020_30_Pages_English_496_KB,https://stopcorona.tn.gov.in/wp-content/uploads/2020/03/Media-Bulletin-18-07-20-COVID-19-6-version.2.pdf
Media_Bulletin_17.07.2020_29_Pages_English_486_KB,https://stopcorona.tn.gov.in/wp-content/uploads/2020/07/Media-Bulletin-17.07.2020-29-Pages-English-486-KB.pdf
Media_Bulletin_16.07.2020_27_Pages_English_468_KB,https://stopcorona.tn.gov.in/wp-content/uploads/2020/03/Media-Bulletin-16-07-20-COVID-19-6-PM.pdf
Media_Bulletin_15.07.2020_27_Pages_English_479_KB,https://stopcorona.tn.gov.in/wp-content/uploads/2020/07/Media-Bulletin-15.07.2020-27-Pages-English-479-KB.pdf
Media_Bulletin_14.07.2020_29_Pages_English_493_KB,https://stopcorona.tn.gov.in/wp-content/uploads/2020/07/Media-Bulletin-14.07.2020-29-Pages-English-493-KB.pdf
Media_Bulletin_13.07.2020_26_Pages_English_470_KB,https://stopcorona.tn.gov.in/wp-content/uploads/2020/03/Media-Bulletin-13-07-20-COVID-19-6-PM.pdf
Media_Bulletin_12.07.2020_26_Pages_English_464_KB,https://stopcorona.tn.gov.in/wp-content/uploads/2020/03/Media-Bulletin-12.07.2020-26-Pages-English-464-KB.pdf
Media_Bulletin_11.07.2020_27_Pages_English_491_KB,https://stopcorona.tn.gov.in/wp-content/uploads/2020/07/Media-Bulletin-11.07.2020-27-Pages-English-491-KB.pdf
Media_Bulletin_10.07.2020_26_Pages_English_472_KB,https://stopcorona.tn.gov.in/wp-content/uploads/2020/03/Media-Bulletin-10-07-20-COVID-19-6-PM.pdf
Media_Bulletin_09.07.2020_26_Pages_English_766_KB,https://stopcorona.tn.gov.in/wp-content/uploads/2020/07/Media-Bulletin-09.07.2020-26-Pages-English-766-KB.pdf
Media_Bulletin_08.07.2020_26_Pages_English_481_KB,https://stopcorona.tn.gov.in/wp-content/uploads/2020/07/Media-Bulletin-08.07.2020-26-Pages-English-481-KB.pdf
Media_Bulletin_07.07.2020_26_Pages_English_472_KB,https://stopcorona.tn.gov.in/wp-content/uploads/2020/07/Media-Bulletin-07.07.2020-26-Pages-English-472-KB.pdf
Media_Bulletin_06.07.2020_25_Pages_English_464_KB,https://stopcorona.tn.gov.in/wp-content/uploads/2020/03/Media-Bulletin-06-07-20-COVID-19-6-PM.pdf
Media_Bulletin_05.07.2020_25_Pages_English_659_KB,https://stopcorona.tn.gov.in/wp-content/uploads/2020/07/Media-Bulletin-05.07.2020-25-Pages-English-659-KB.pdf
Media_Bulletin_04.07.2020_25_Pages_English_470_KB,https://stopcorona.tn.gov.in/wp-content/uploads/2020/03/Media-Bulletin-04-07-20-COVID-19-6-PM.pdf
Media_Bulletin_03.07.2020_25_Pages_English_469_KB,https://stopcorona.tn.gov.in/wp-content/uploads/2020/07/Media-Bulletin-03.07.2020-25-Pages-English-469-KB.pdf
Media_Bulletin_02.07.2020_22_Pages_English_442_KB,https://stopcorona.tn.gov.in/wp-content/uploads/2020/07/Media-Bulletin-02.07.2020-22-Pages-English-442-KB.pdf
Media_Bulletin_01.07.2020_23_Pages_English_445_KB,https://stopcorona.tn.gov.in/wp-content/uploads/2020/07/Media-Bulletin-01.07.2020-23-Pages-English-445-KB.pdf
Media_Bulletin_30.06.2020_22_Pages_English_428_KB,https://stopcorona.tn.gov.in/wp-content/uploads/2020/03/Media-Bulletin-30-06-20-COVID-19-6-PM.pdf
Media_Bulletin_29.06.2020_22_Pages_English_434_KB,https://stopcorona.tn.gov.in/wp-content/uploads/2020/03/Media-Bulletin-29-06-20-COVID-19-6-PM.pdf
Media_Bulletin_28.06.2020_21_Pages_English_438_KB,https://stopcorona.tn.gov.in/wp-content/uploads/2020/06/Media-Bulletin-28.06.2020-21-Pages-English-438-KB.pdf
Media_Bulletin_27.06.2020_23_Pages_English_441_KB,https://stopcorona.tn.gov.in/wp-content/uploads/2020/06/Media-Bulletin-27.06.2020-23-Pages-English-441-KB.pdf
Media_Bulletin_26.06.2020_20_Pages_English_428_KB,https://stopcorona.tn.gov.in/wp-content/uploads/2020/06/Media-Bulletin-26.06.2020-20-Pages-English-428-KB.pdf
Media_Bulletin_25.06.2020_20_Pages_English_429.8_KB,https://stopcorona.tn.gov.in/wp-content/uploads/2020/06/Media-Bulletin-25.06.2020-20-Pages-English-429.8-KB.pdf
Media_Bulletin_24.06.2020_18_Pages_English_412.7_KB,https://stopcorona.tn.gov.in/wp-content/uploads/2020/06/Media-Bulletin-24.-06.2020-18-Pages-English-412.7-KB.pdf
Media_Bulletin_23.06.2020_17_Pages_English_419.2_KB,https://stopcorona.tn.gov.in/wp-content/uploads/2020/06/Media-Bulletin-23.06.2020-17-Pages-English-419.2-KB.pdf
Media_Bulletin_22.06.2020_18_Pages_English_412.6_KB,https://stopcorona.tn.gov.in/wp-content/uploads/2020/06/Media-Bulletin-22.06.2020-18-Pages-English-412.6-KB.pdf
Media_Bulletin_21.06.2020_22_Pages_English_396_KB,https://stopcorona.tn.gov.in/wp-content/uploads/2020/03/Media-Bulletin-21-06-20-COVID-19-6-PM.pdf
Media_Bulletin_20.06.2020_20_Pages_English_416_KB,https://stopcorona.tn.gov.in/wp-content/uploads/2020/03/Media-Bulletin-20-06-20-COVID-19-6-PM.pdf
Media_Bulletin_19.06.2020_21_Pages_English_648.5_KB,https://stopcorona.tn.gov.in/wp-content/uploads/2020/06/Media-Bulletin-19.06.2020-21-Pages-English-648.5-KB.pdf
Media_Bulletin_18.06.2020_19_Pages_English_425.2_KB,https://stopcorona.tn.gov.in/wp-content/uploads/2020/06/Media-Bulletin-18.06.2020-19-Pages-English-425.2-KB.pdf
Media_Bulletin_17.06.2020_20_Pages_English_429_KB,https://stopcorona.tn.gov.in/wp-content/uploads/2020/06/Media-Bulletin-17.06.2020-20-Pages-English-429-KB.pdf
Media_Bulletin_16.06.2020_21_Pages_English_437.6_KB,https://stopcorona.tn.gov.in/wp-content/uploads/2020/06/Media-Bulletin-16.06.2020-21-Pages-English-437.6-KB.pdf
Media_Bulletin_15.06.2020_20_Pages_English_657.4_KB,https://stopcorona.tn.gov.in/wp-content/uploads/2020/06/Media-Bulletin-15.-06.2020-20-Pages-English-657.4-KB-.pdf
Media_Bulletin_14.06.2020_18_Pages_English_425.6_KB,https://stopcorona.tn.gov.in/wp-content/uploads/2020/06/Media-Bulletin-14.-06.2020-18-Pages-English-425.6-kB.pdf
Media_Bulletin_13.06.2020_18_Pages_English_415_KB,https://stopcorona.tn.gov.in/wp-content/uploads/2020/03/Media-Bulletin-13.06.2020.pdf
Media_Bulletin_12.06.2020_14_Pages_English_667_KB,https://stopcorona.tn.gov.in/wp-content/uploads/2020/03/Media-Bulletin-12.06.2020.pdf
Media_Bulletin_11.06.2020_15_Pages_English_401_KB,https://stopcorona.tn.gov.in/wp-content/uploads/2020/03/Media-Bulletin-11.-06.-20-COVID-19.pdf
Media_Bulletin_10.06.2020_14_Pages_English_390_KB,https://stopcorona.tn.gov.in/wp-content/uploads/2020/06/Media-Bulletin-10-06-20-COVID-19-6-PM.pdf
Media_Bulletin_09.06.2020_14_Pages_English_390_KB,https://stopcorona.tn.gov.in/wp-content/uploads/2020/03/Media-Bulletin-09.06.2020.pdf
Media_Bulletin_09.06.2020_14_Pages_English_390_KB,https://stopcorona.tn.gov.in/wp-content/uploads/2020/03/Media-Bulletin-09.06.2020.pdf
Media_Bulletin_08.06.2020_14_Pages_English_391_KB,https://stopcorona.tn.gov.in/wp-content/uploads/2020/03/Media-Bulletin-08.06.2020.pdf
Media_Bulletin_07.06.2020_15_Pages_English_591_KB,https://stopcorona.tn.gov.in/wp-content/uploads/2020/03/Media-Bulletin-07.06.2020.pdf
Media_Bulletin_06.06.2020_14_Pages_English_431_KB,https://stopcorona.tn.gov.in/wp-content/uploads/2020/03/Media-Bulletin-06.06.2020.pdf
Media_Bulletin_05.06.2020_13_Pages_English_413_KB,https://stopcorona.tn.gov.in/wp-content/uploads/2020/03/Media-Bulletin-05.06.2020.pdf
Media_Bulletin_04.06.2020_15_Pages_English_400_KB,https://stopcorona.tn.gov.in/wp-content/uploads/2020/03/Media-Bulletin-04.06.2020.pdf
Media_Bulletin_03.06.2020_12_Pages_English_467_KB,https://stopcorona.tn.gov.in/wp-content/uploads/2020/03/Media-Bulletin-03.06.2020.pdf
Media_Bulletin_02.06.2020_11_Pages_English_457_KB,https://stopcorona.tn.gov.in/wp-content/uploads/2020/03/Media-Bulletin-02.06.020.pdf
Media_Bulletin_01.06.2020_12_Pages_English_471_KB,https://stopcorona.tn.gov.in/wp-content/uploads/2020/03/Media-Bulletin-01.06.2020.pdf
Media_Bulletin_31.05.2020_39_Pages_English_650_KB,https://stopcorona.tn.gov.in/wp-content/uploads/2020/03/Media-Bulletin-31.05.2020.pdf
Media_Bulletin_30.05.2020_34_Pages_English_620_KB,https://stopcorona.tn.gov.in/wp-content/uploads/2020/03/Media-Bulletin-30.05.2020.pdf
Media_Bulletin_29.05.2020_30_Pages_English_885_KB,https://stopcorona.tn.gov.in/wp-content/uploads/2020/03/Media-Bulletin-29.05.2020.pdf
Media_Bulletin_28.05.2020_32_Pages_English_362_KB,https://stopcorona.tn.gov.in/wp-content/uploads/2020/03/Media-Bulletin-28.05.2020.pdf
Media_Bulletin_27.05.2020_29_Pages_English_859_KB,https://stopcorona.tn.gov.in/wp-content/uploads/2020/03/Media-Bulletin-27-05-20-COVID-19-6-PM.pdf
Media_Bulletin_26.05.2020_26_Pages_English_792_KB,https://stopcorona.tn.gov.in/wp-content/uploads/2020/03/Media-Bulletin-26.05.2020.pdf
Media_Bulletin_25.05.2020_32_Pages_English_335_KB,https://stopcorona.tn.gov.in/wp-content/uploads/2020/03/Media-Bulletin-25-05-20-COVID-19-6-PM.pdf
Media_Bulletin_25.05.2020_32_Pages_English_335_KB,https://stopcorona.tn.gov.in/wp-content/uploads/2020/03/Media-Bulletin-25-05-20-COVID-19-6-PM.pdf
Media_Bulletin_24.05.2020_28_Pages_English_338_KB,https://stopcorona.tn.gov.in/wp-content/uploads/2020/03/Media-Bulletin-24-05-20-COVID-19-6-PM.pdf
Media_Bulletin_23.05.2020_27_Pages_English_631_KB,https://stopcorona.tn.gov.in/wp-content/uploads/2020/03/Media-Bulletin-23-05-20-COVID-19-6-PM.pdf
Media_Bulletin_22.05.2020_27_Pages_English_632_KB,https://stopcorona.tn.gov.in/wp-content/uploads/2020/03/Media-Bulletin-22-05-20-COVID-19-6-PM.pdf
Media_Bulletin_21.05.2020_28_Pages_English_339_KB,https://stopcorona.tn.gov.in/wp-content/uploads/2020/03/Media-Bulletin-21-05-20-COVID-19-6-PM.pdf
Media_Bulletin_20.05.2020_25_Pages_English_323_KB,https://stopcorona.tn.gov.in/wp-content/uploads/2020/03/Media-Bulletin-20-05-20-COVID-19-6-PM.pdf
Media_Bulletin_19.05.2020_25_Pages_English_317_KB,https://stopcorona.tn.gov.in/wp-content/uploads/2020/03/Media-Bulletin-19-05-20-COVID-19-6-PM.pdf
Media_Bulletin_18.05.2020_20_Pages_English_273_KB,https://stopcorona.tn.gov.in/wp-content/uploads/2020/03/Media-Bulletin-18-05-20-COVID-19-6-PM.pdf
Media_Bulletin_17.05.2020_23_Pages_English_549_KB,https://stopcorona.tn.gov.in/wp-content/uploads/2020/03/Media-Bulletin-17.05.2020.pdf
Media_Bulletin_16.05.2020_19_Pages_English_674_KB,https://stopcorona.tn.gov.in/wp-content/uploads/2020/03/Media-Bulletin-16.05.2020.pdf
Media_Bulletin_15.05.2020_17_Pages_English_247_KB,https://stopcorona.tn.gov.in/wp-content/uploads/2020/03/Media-Bulletin-15-05-20-COVID-19-6-PM.pdf
Media_Bulletin_14.05.2020_17_Pages_English_247_KB,https://stopcorona.tn.gov.in/wp-content/uploads/2020/03/Media-Bulletin-14-05-20-COVID-19-6-PM.pdf
Media_Bulletin_13.05.2020_19_Pages_English_224_KB,https://stopcorona.tn.gov.in/wp-content/uploads/2020/03/Media-Bulletin-13.05.2020.pdf
Media_Bulletin_12.05.2020_23_Pages_English_584_KB,https://stopcorona.tn.gov.in/wp-content/uploads/2020/03/Media-Bulletin-12.05.2020-23-Pages-English-584-KB.pdf
Media_Bulletin_11.05.2020_25_Pages_English_285_KB,https://stopcorona.tn.gov.in/wp-content/uploads/2020/03/Media-Bulletin-11.05.2020_1.pdf
Media_Bulletin_10.05.2020_21_Pages_English_252_KB,https://stopcorona.tn.gov.in/wp-content/uploads/2020/03/Media-Bulletin-10.05.2020.pdf
Media_Bulletin_09.05.2020_18_Pages_English_221_KB,https://stopcorona.tn.gov.in/wp-content/uploads/2020/03/Media-Bulletin-09.05.2020.pdf
Media_Bulletin_08.05.2020_19_Pages_English_236_KB,https://stopcorona.tn.gov.in/wp-content/uploads/2020/03/Media-Bulletin-08.05.2020.pdf
Media_Bulletin_07.05.2020_18_Pages_English_473_KB,https://stopcorona.tn.gov.in/wp-content/uploads/2020/05/Media-Bulletin-07-05-20-COVID-19-6-PM.pdf
Media_Bulletin_06.05.2020_23_Pages_English_295_KB,https://stopcorona.tn.gov.in/wp-content/uploads/2020/03/Media-Bulletin-06.05.2020.pdf
Media_Bulletin_05.05.2020_16_Pages_English_232_KB,https://stopcorona.tn.gov.in/wp-content/uploads/2020/03/Media-Bulletin-05.05.2020.pdf
Media_Bulletin_04.05.2020_16_Pages_English_232_KB,https://stopcorona.tn.gov.in/wp-content/uploads/2020/03/Media-Bulletin-04.05.2020-1.pdf
Media_Bulletin_03.05.2020_13_Pages_English_235_KB,https://stopcorona.tn.gov.in/wp-content/uploads/2020/03/Media-Bulletin-03.05.2020.pdf
Media_Bulletin_02.05.2020_12_Pages_English_222_KB,https://stopcorona.tn.gov.in/wp-content/uploads/2020/03/Media-Bulletin-02.05.2020.pdf
Media_Bulletin_01.05.2020_11_Pages_English_233_KB,https://stopcorona.tn.gov.in/wp-content/uploads/2020/03/Media-Bulletin-01.05.2020.pdf
Media_Bulletin_30.04.2020_12_Pages_English_209_KB,https://stopcorona.tn.gov.in/wp-content/uploads/2020/03/Media-Bulletin-30.04.2020.pdf
Media_Bulletin_29.04.2020_9_Pages_English_182_KB,https://stopcorona.tn.gov.in/wp-content/uploads/2020/03/Media-Bulletin-29.04.2020.pdf
Media_Bulletin_28.04.2020_9_Pages_English_210_KB,https://stopcorona.tn.gov.in/wp-content/uploads/2020/04/Media-Bulletin-28.04.20209-Pages-English-210-KB.pdf
Media_Bulletin_27.04.2020_8_Pages_English_143_KB,https://stopcorona.tn.gov.in/wp-content/uploads/2020/03/Media-Bulletin-27-04-20-COVID-19-6-PM.pdf
Media_Bulletin_26.04.2020_8_Pages_English_377_KB,https://stopcorona.tn.gov.in/wp-content/uploads/2020/03/Media-Bulletin-26.04.2020.pdf
Media_Bulletin_25.04.2020_8_Pages_English_695_KB,https://stopcorona.tn.gov.in/wp-content/uploads/2020/03/Media-Bulletin-25.04.2020.pdf
Media_Bulletin_24.04.2020_6_Pages_English_229_KB,https://stopcorona.tn.gov.in/wp-content/uploads/2020/03/Media-Bulletin-24.04.2020.pdf
Media_Bulletin_23.04.2020_6_Pages_English_219_KB,https://stopcorona.tn.gov.in/wp-content/uploads/2020/03/Media-Bulletin-23.04.2020.pdf
Media_Bulletin_22.04.2020_5_Pages_English_203_KB,https://stopcorona.tn.gov.in/wp-content/uploads/2020/03/Media-Bulletin-22.04.2020.pdf
Media_Bulletin_21.04.2020_5_Pages_English_193_KB,https://stopcorona.tn.gov.in/wp-content/uploads/2020/03/Media-Bulletin-21.04.2020.pdf
Media_Bulletin_20.04.2020_5_Pages_English_256_KB,https://stopcorona.tn.gov.in/wp-content/uploads/2020/04/Media-Bulletin-20.04.2020.pdf
Media_Bulletin_19.04.2020_6_Pages_English_200_KB,https://stopcorona.tn.gov.in/wp-content/uploads/2020/03/Media-Bulletin-19-04-20-COVID-19-6-PM.pdf
Media_Bulletin_18.04.2020_5_pages_English_194_KB,https://stopcorona.tn.gov.in/wp-content/uploads/2020/03/Media-Bulletin-18.04.2020.pdf
Media_Bulletin_17.04.2020_5_Pages_English_186_KB,https://stopcorona.tn.gov.in/wp-content/uploads/2020/03/Media-Bulletin-17.04.2020.pdf
Media_Bulletin16.04.2020_4_Pages_English_174_KB,https://stopcorona.tn.gov.in/wp-content/uploads/2020/03/Media-Bulletin16.04.2020-4-Pages-English-174-KB.pdf
Media_Bulletin_15.04.2020_4_Pages_English_177_KB,https://stopcorona.tn.gov.in/wp-content/uploads/2020/03/Media-Bulletin-15.04.2020.pdf
Media_Bulletin_14.04.2020_4_Pages_English_175_KB,https://stopcorona.tn.gov.in/wp-content/uploads/2020/03/Media-Bulletin-14.04.2020-4-Pages-English-175-KB.pdf
Media_Bulletin_13.04.2020_5pages_English_181_KB,https://stopcorona.tn.gov.in/wp-content/uploads/2020/03/Media-Bulletin-13.04.2020-5pages-English-181-KB.pdf
Media_Bulletin_12.04.2020_5_pages_English_178_KB,https://stopcorona.tn.gov.in/wp-content/uploads/2020/03/Media-Bulletin-12.04.2020-5-pages-English-178-KB.pdf
Media_Bulletin_11.04.2020_4_Pages_English_176_KB,https://stopcorona.tn.gov.in/wp-content/uploads/2020/03/Media-Bulletin-11.04.2020-4-Pages-English-176-KB.pdf
Media_Bulletin_10.04.2020_4_Pages_English_175_KB,https://stopcorona.tn.gov.in/wp-content/uploads/2020/03/Media-Bulletin-10-04-20-COVID-19-6-PM.pdf
Media_Bulletin_09.04.2020_5_Pages_English_173_KB,https://stopcorona.tn.gov.in/wp-content/uploads/2020/03/Media-Bulletin09.04.20-5-Pages-English-173-KB.pdf
Media_Bulletin_08.04.2020_4_Pages_English_168_KB,https://stopcorona.tn.gov.in/wp-content/uploads/2020/03/Media-Bulletin-08-04-20-COVID-19-6-PM.pdf
Media_Bulletin_07.04.2020_4_Pages_English_170_KB,https://stopcorona.tn.gov.in/wp-content/uploads/2020/03/Media-Bulletin-07-04-20-COVID-19-6-PM-revised.pdf
Media_Bulletin_06.04.2020_5_Pages_English_178_KB,https://stopcorona.tn.gov.in/wp-content/uploads/2020/03/Media-Bulletin-06-04-20-COVID-19-6-PM-1.pdf
Media_Bulletin_05.04.2020_5_Pages_English_197_KB,https://stopcorona.tn.gov.in/wp-content/uploads/2020/03/Media-Bulletin-05-04-20-COVID-19-6-PM.pdf
Media_Bulletin_04.04.2020_5_Pages_English_168_KB,https://stopcorona.tn.gov.in/wp-content/uploads/2020/03/Media-Bulletin-04-04-20-COVID-19-6-PM.pdf
Media_Bulletin_03.04.2020_4_Pages_English_165_KB,https://stopcorona.tn.gov.in/wp-content/uploads/2020/03/Media-Bulletin-03-04-20-COVID-19-6-PM.pdf
Media_Bulletin_02.04.2020_4_Pages_English_159_KB,https://stopcorona.tn.gov.in/wp-content/uploads/2020/03/Media-Bulletin-02-04-20-COVID-19-6-PM.pdf
Media_Bulletin_01.04.2020_6_Pages_English_318_KB,https://stopcorona.tn.gov.in/wp-content/uploads/2020/03/Media_Bulletin_01.04.2020_6_Pages_English_318_KB.pdf
Bulletin__31.03.2020_2_Pages_English_118_KB,https://stopcorona.tn.gov.in/wp-content/uploads/2020/03/Media_Bulletin_31.03.2020_2_Pages_English_118_KB.pdf
Bulletin_30.03.2020_5_Pages_English_226_KB,https://stopcorona.tn.gov.in/wp-content/uploads/2020/03/Media_Bulletin_30_03_2020_5_Pages_English_226_KB.pdf
Bulletin_29.03.2020_5_Pages_English_226_KB,https://stopcorona.tn.gov.in/wp-content/uploads/2020/03/Media-Bulletin-29-03-20-2-PM-COVID-19.pdf
Bulletin_28-March-2020_1_Page_English_96_KB,https://stopcorona.tn.gov.in/wp-content/uploads/files/Media_Bulletin_28_03_2020.pdf
Bulletin_27-March-20205_Pages_English_194_KB,https://stopcorona.tn.gov.in/wp-content/uploads/2020/03/Media_Bulletin_27_03_20_COVID_19.pdf
Bulletin_26-March-2020_2_Pages,https://stopcorona.tn.gov.in/wp-content/uploads/files/Media_Bulletin_26_0320_COVID_19.pdf
English,https://stopcorona.tn.gov.in/wp-content/uploads/files/Media_Bulletin_26_0320_COVID_19.pdf
_157_KB,https://stopcorona.tn.gov.in/wp-content/uploads/files/Media_Bulletin_26_0320_COVID_19.pdf
Bulletin_25-March-2020_2_Pages_158_KB,https://stopcorona.tn.gov.in/wp-content/uploads/files/Media_Bulletin_25_03_20_COVID_19.pdf
Bulletin_24-March-2020_3_Pages_155_KB,https://stopcorona.tn.gov.in/wp-content/uploads/files/Media_Bulletin_24_03_20_COVID_19.pdf
Bulletin_23-March-2020_3_Pages_155_KB,https://stopcorona.tn.gov.in/wp-content/uploads/files/Media_Bulletin_23_03_20_ COVID_19.pdf
Bulletin_22-March-2020_2_Pages_244_KB,https://stopcorona.tn.gov.in/wp-content/uploads/files/Media_Bulletin.pdf
Bulletin_21-March-2020_2_Pages_180kb,https://stopcorona.tn.gov.in/wp-content/uploads/files/Media_Bulletin_21_March_20_2_Pages_180kb.pdf
Bulletin_20-March-2020_2_Pages_151kb,https://stopcorona.tn.gov.in/wp-content/uploads/files/Media_Bulletin_20_03_20_COVID_19_1.pdf
Bulletin_19-March-2020_2_Pages_151kb,https://stopcorona.tn.gov.in/wp-content/uploads/files/Media_Bulletin_19_03_20_COVID_19.pdf
Bulletin_18-March-2020_2_Pages_152kb,https://stopcorona.tn.gov.in/wp-content/uploads/files/MediaBulletin180320COVID19.pdf
Bulletin_17-March-2020_2_Pages_160kb,https://stopcorona.tn.gov.in/wp-content/uploads/files/MediaBulletin170320COVID19.pdf
Bulletin_16-March-2020_2_Pages_516kb,https://stopcorona.tn.gov.in/wp-content/uploads/files/MediaBulletin160320COVID19.pdf
Bulletin_15-March-2020_2_Pages_108kb,https://stopcorona.tn.gov.in/wp-content/uploads/files/MediaBulletin150320COVID19.pdf
Bulletin_14-March-2020_2_Pages_112kb,https://stopcorona.tn.gov.in/wp-content/uploads/files/MediaBulletin140320COVID19.pdf
Bulletin_13-March-2020_2_Pages_524kb,https://stopcorona.tn.gov.in/wp-content/uploads/files/MediaBulletin130320COVID19.pdf
Bulletin_12-March-2020_2_Pages_528kb,https://stopcorona.tn.gov.in/wp-content/uploads/files/MediaBulletin120320COVID19.pdf
Bulletin_11-March-2020_2_Pages_562kb,https://stopcorona.tn.gov.in/wp-content/uploads/files/MediaBulletin110320COVID19.pdf
Bulletin_10-March-2020_2_Pages_524kb,https://stopcorona.tn.gov.in/wp-content/uploads/files/MediaBulletin100320COVID19.pdf
Bulletin_09-March-2020_2_Pages_589kb,https://stopcorona.tn.gov.in/wp-content/uploads/files/MediaBulletin090320COVID19.pdf
